Well,Source,Flow Rate,Temperature,Power,Transmissivity,Permeability,Thickness,Porosity,Top_Depth,Net_to_Gross,Heat_in_Place,Injection_Score,Injection_Rank
VRE-01,ThermoGIS Scout,102.0,79.0,5.2,8.5,69.0,138.0,17.0,1929.0,0.96,,0.9943661971830986,1
ZST-01,ThermoGIS Scout,84.0,79.0,4.2,7.0,71.0,112.0,17.0,1924.0,0.98,,0.8588235294117648,2
ODK-01,ThermoGIS Scout,75.0,81.0,3.8,6.0,63.0,109.0,17.0,1986.0,0.98,,0.7509942004971003,3
BKN-01,ThermoGIS Scout,79.0,80.0,4.0,6.1,53.0,129.0,16.0,2030.0,0.97,,0.7404722452361227,4
JUT-01,Official Dataset,55.0,72.0,2.3,4.8,40.0,125.0,11.0,1776.0,0.99,21.9,0.5567937033968517,5
