,LCoE,CAPEX,Energy,Lifetime,Discount
count,10000.0,10000.0,10000.0,10000.0,10000.0
mean,77.8750578448195,39.975058739506885,58017.00261526198,30.0235,0.060150945677715104
std,10.302254366237943,3.0585661166683167,4105.611358958486,4.093729792299588,0.008099291750285242
min,50.58193101707182,29.970741920783166,44641.45698673184,25.0,0.040128118572876764
25%,70.61914421711433,37.82823075561037,55096.62945342991,25.0,0.05438248364760991
50%,77.2489720152175,39.89021893926949,58295.381790575564,30.0,0.06022875810743816
75%,84.41764900500895,42.03002498266938,61016.332143668464,35.0,0.0660734737492304
max,119.19071000243821,50.58175894606652,69226.20687344855,35.0,0.07965683825867252
