,LCoE,CAPEX,Energy,Lifetime,Discount
count,10000.0,10000.0,10000.0,10000.0,10000.0
mean,89.16973350518138,46.271304049887185,58017.00261526198,30.0235,0.060150945677715104
std,13.650008405174077,5.124397877593658,4105.611358958486,4.093729792299588,0.008099291750285242
min,53.72988185952135,31.08697601090214,44641.45698673184,25.0,0.040128118572876764
25%,79.45228870602816,42.59886606860622,55096.62945342991,25.0,0.05438248364760991
50%,88.20287233585674,46.0200564751147,58295.381790575564,30.0,0.06022875810743816
75%,97.72796509839048,49.668188742658465,61016.332143668464,35.0,0.0660734737492304
max,147.05631842500867,63.77488826920031,69226.20687344855,35.0,0.07965683825867252
